images/class_00041,00041
images/class_00042,00042
images/class_00043,00043
images/class_00044,00044
images/class_00045,00045
images/class_00046,00046
images/class_00047,00047
images/class_00048,00048
images/class_00049,00049
images/class_00050,00050
images/class_00051,00051
images/class_00052,00052
images/class_00053,00053
images/class_00054,00054
images/class_00055,00055
images/class_00056,00056
images/class_00057,00057
images/class_00058,00058
images/class_00059,00059
images/class_00060,00060
images/class_00061,00061
images/class_00062,00062
images/class_00063,00063
images/class_00064,00064
images/class_00065,00065
images/class_00066,00066
images/class_00067,00067
images/class_00068,00068
images/class_00069,00069
images/class_00070,00070
images/class_00071,00071
images/class_00072,00072
images/class_00073,00073
images/class_00074,00074
images/class_00075,00075
images/class_00076,00076
images/class_00077,00077
images/class_00078,00078
images/class_00079,00079
images/class_00080,00080
images/class_00081,00081
images/class_00082,00082
images/class_00083,00083
images/class_00084,00084
images/class_00085,00085
images/class_00086,00086
images/class_00087,00087
images/class_00088,00088
images/class_00089,00089
images/class_00090,00090
images/class_00091,00091
images/class_00092,00092
images/class_00093,00093
images/class_00094,00094
images/class_00095,00095
images/class_00096,00096
images/class_00097,00097
images/class_00098,00098
images/class_00099,00099
images/class_00100,00100
images/class_00101,00101
images/class_00102,00102
